feature,class_label
"[-8.0213852e+01  4.2544571e+01 -7.7714539e+01  3.9775070e+01
 -1.2318114e+01  2.1735176e+01  3.3418591e+00 -1.1410970e+01
  1.0478449e+01 -1.5705544e+00 -3.7769664e-02  1.1910034e+01
 -7.7721314e+00  3.6484699e+00 -4.4727664e+00  1.3896238e+01
 -2.4651668e+00 -6.1305604e+00  1.4169450e+00  2.2297707e+00
 -3.5997686e+00  5.5207294e-01  2.3682022e+00  1.1793069e+00
 -7.2038922e+00  8.1830416e+00 -6.0383687e+00 -2.6598284e-01
  2.1985333e+00 -2.9046884e+00  2.1064658e+00  7.4678594e-01
 -1.1243593e+00  1.1026663e+00 -2.2382846e+00  2.4283643e+00
 -3.0599492e+00 -4.2972460e-01 -3.6916535e+00  3.0655107e+00]",0
"[-2.80487461e+01  2.63322678e+01 -6.23998260e+01  3.53948555e+01
 -6.79599190e+00  1.36937685e+01 -6.18438005e-01 -5.91349030e+00
  4.29689550e+00  3.57432477e-03 -4.63863701e-01  9.26957607e+00
 -4.41053534e+00  1.85098410e+00 -3.75072336e+00  1.31896734e+01
 -4.75787258e+00 -4.61817122e+00  3.99372518e-01  3.45432377e+00
 -4.35569620e+00  5.10492444e-01  7.47569680e-01  1.69445837e+00
 -4.69405603e+00  5.57157803e+00 -3.44441080e+00  1.11555862e+00
 -9.09585834e-01  1.70655489e+00 -6.23522401e-01  1.11587834e+00
 -1.05531907e+00 -1.11053264e+00 -8.95171940e-01  2.07353830e+00
 -4.40950489e+00  1.82680166e+00 -4.58172464e+00  2.85410786e+00]",0
"[-61.726902    13.214756   -67.307144    27.890518    -5.765431
  18.44045      1.6643499  -10.857727    10.463149    -8.4013605
   3.1667047   10.552215    -3.7987037    3.8498664   -8.498182
  12.2194605    5.2574883  -12.551646     1.6984485    7.289995
  -3.4248173   -3.26588      2.6532965    3.5794945   -7.868777
   3.0651824   -1.9565624   -2.4584525    5.6024504   -0.36798087
  -2.8300662    3.4177892    0.26588255  -0.55955637   0.20220108
  -0.09905799  -1.3509097   -0.6620282   -2.1565673    2.8259757 ]",0
"[ 2.2253319e+01 -1.0195801e+01 -5.2007988e+01  1.8932449e+01
 -1.2607269e+01  1.3833775e+01  6.3712378e+00 -1.4960979e+01
  9.3832903e+00 -6.0945377e+00 -2.0610094e+00  1.3112964e+01
 -3.6602526e+00 -1.6263199e-01 -4.0302582e+00  7.8721828e+00
  3.7921283e+00 -1.2398076e+01  2.3296852e+00  7.4810729e+00
 -6.5987778e+00  6.3404489e-01  2.3665984e+00 -4.4057257e-02
 -2.7396047e+00  2.8116372e+00 -2.4205325e+00 -1.5963663e+00
  4.5013914e+00  1.3060304e+00 -4.0403743e+00  3.7125599e+00
  1.2984008e-02 -1.9186020e+00  1.1217040e+00 -3.3548129e-01
 -3.2452900e+00  1.4626521e+00 -1.5669813e+00  2.2049637e+00]",0
"[-2.43691528e+02  7.77583237e+01 -6.89899216e+01  6.41787720e+01
 -3.20823784e+01  2.99506054e+01  9.00581419e-01 -1.41337271e+01
  1.19506121e+01 -4.66842699e+00  1.02483356e+00  1.45024023e+01
 -1.15328503e+01  1.23604317e+01 -6.68826246e+00  1.82124252e+01
 -5.10978460e+00 -4.87364918e-01  1.12821065e-01 -5.08260107e+00
 -1.56984043e+00  7.60969448e+00 -2.64118814e+00  5.20574427e+00
 -7.03795052e+00  5.98940516e+00 -4.86613512e+00  3.68090272e+00
 -1.96809185e+00 -3.07088077e-01  2.32165337e+00 -4.60289860e+00
  7.48737216e-01  2.85223275e-01 -3.67269444e+00  6.01768303e+00
 -2.34439635e+00  2.72180796e+00 -5.70341969e+00 -1.54078197e+00]",0
"[-173.12222      64.37129    -111.129944     72.93696     -44.496723
   31.81004     -10.2335005   -12.048595     22.943853     -6.2881985
   10.304904      8.826971     -8.486474     14.608822     -9.979147
   16.803625     -4.0890384     2.9744558     2.1232996    -0.24264854
    0.3610851     4.754791     -2.959524      5.749494     -8.1213045
    0.3916799    -2.0787582    -4.5752034     1.6796074     0.21470587
   -0.26798165    1.2606138     4.5431633    -1.4518936     0.562361
    0.3931682     0.64593667    2.1203978    -3.3817365    -0.9119432 ]",0
"[-141.27881      67.967514   -100.72954      70.35387     -55.1004
   32.147316     -5.7730474   -19.19526      25.39917     -13.544348
    9.200441      9.231974     -3.5743127    14.756001     -3.5045307
   13.41413       0.18934983   -6.87276       0.70066357    1.660991
   -2.374079      2.1012635     2.8677323     2.2026043     0.86886317
    4.4179487    -0.23825252   -3.2307742     5.8694777    -4.4712944
   -1.6286181    -3.133283     -3.1463282     0.37682247   -0.804491
   -0.17827645   -3.9844153     0.21796103    0.9279768     0.902399  ]",0
"[-6.8413971e+01  2.9371975e+01 -8.3592133e+01  5.0865696e+01
 -2.6050468e+01  9.3452663e+00 -4.4685353e-02 -1.6964649e+01
  9.4195900e+00  2.3298309e+00  3.7931798e+00  9.1548719e+00
 -7.5388188e+00  3.9690106e+00  4.0500522e-02  1.2371997e+01
 -3.2953503e+00 -3.7374468e+00  3.6771538e+00 -2.6206939e+00
 -1.5725372e+00  1.8481442e+00 -7.6919359e-01  3.1345682e+00
 -4.5128975e+00  2.6971223e+00  1.7350460e+00 -2.8006389e+00
 -4.6427612e+00  2.2696810e+00  2.8363655e+00 -6.9943368e-01
  3.8723025e+00 -2.6731446e-01  4.0196279e-01 -1.2054832e+00
 -6.5014510e+00  1.0091234e+00 -2.5942461e+00  1.7915813e+00]",0
"[ -7.4785285    0.24116078 -35.407272    26.0621     -17.651579
  10.989173     1.3408926  -10.998568     7.9856563   -5.5089827
   3.088485     8.507187    -9.0273905    6.8450303   -3.0398588
   5.4627256    0.9454054   -4.6644583    0.93787163   3.8724837
  -5.3162103    2.3132455   -3.2893577    5.8829064   -6.6217847
   1.0805875    0.8257178   -0.4364701   -2.2962723    3.737229
  -4.7527843    4.7575617   -2.7324102    2.0121043    0.11245611
   0.7591157   -4.1413245    1.8080223   -2.7514486    4.5046077 ]",0
"[-34.09529     15.805293   -97.01829     45.387253   -42.9513
  19.896065     3.534506   -14.7231455   13.73277     -5.794307
   0.3030205   17.65227     -3.5326405    1.6100955   -1.8981662
  14.554823     2.7931154  -10.267336     2.8652852    6.071834
  -7.97022      1.3188397    2.142421     1.5737629   -3.7078621
   1.6517252    5.5832224   -1.5336901    4.213778     1.3807459
  -7.2432175    4.254038     1.0484492   -7.6621475    4.700084
  -1.530786    -2.8833475   -0.40221918  -1.0693021    2.7669337 ]",0
"[-8.3680878e+01  2.6311314e+01 -7.9015663e+01  4.6299503e+01
 -1.2003396e+01  1.4714404e+01  3.4571927e+00 -1.2692671e+01
  9.8257313e+00 -2.6429968e+00  1.7004668e+00  1.0246826e+01
 -5.5179162e+00  8.3141732e-01 -3.2654696e+00  1.5652667e+01
 -2.1873000e+00 -6.3521795e+00  3.7958322e+00  8.5928249e-01
 -3.2944353e+00 -3.7535515e-01  1.8125543e-01  1.8047466e+00
 -6.9788198e+00  3.6718166e+00  1.9624809e+00 -2.1136931e-01
 -3.0774364e-01  3.4672400e-01 -3.6148891e-01  2.0915008e+00
 -7.9255020e-03 -4.6407270e+00  2.5198870e+00  1.5238277e+00
 -4.1270652e+00  2.2418461e+00 -4.4506001e+00  2.4620836e+00]",0
"[-74.71897     22.267672   -61.00465     27.437773    -1.5999068
  20.709227    -0.5097623   -9.620773    11.122308    -4.3020015
   3.2596862    8.762488    -4.1313057    4.4581347   -5.6365113
  11.206663     2.7578194   -9.203349     2.2527347    5.488409
  -4.103703    -2.083177     2.6843605    2.7188847   -7.0414953
   4.24959     -3.5360653   -1.2872586    3.3679538   -1.3500097
  -1.9827031    3.2588825   -1.7354625    0.37002584  -0.63045716
  -0.17461011  -0.72199744  -2.082161    -2.8432822    4.560087  ]",0
"[-126.9261       31.687614    -81.38346      43.75039     -16.444916
   23.173687      4.670304    -10.61734      16.242834     -8.682751
    4.713422     12.758011     -5.058771      5.8270917    -9.318188
   16.027937      4.3762903   -10.69146       1.9872051     6.8556514
   -5.6337547    -0.9004143     0.27876347    6.771161    -10.157074
    2.4492342     2.613993     -2.4116282     5.0114236    -1.3655467
   -4.39253       3.6361105     0.5590484    -4.044953      2.4656768
   -0.5198852    -2.5802927    -0.24316381   -3.4930053     3.286606  ]",0
"[-37.641487    7.18103   -80.98079    36.80572   -29.40063    19.805805
  10.549195  -18.782652   18.722824  -10.172523    1.0890403  16.547747
  -4.945731    3.047677   -5.4086094  14.744604    4.43271   -13.285111
   5.327557    5.920124   -6.2239456   1.9271667   1.71523     2.1922345
  -4.8565087   2.0201364   3.3121114  -1.9470061   5.989288   -1.3512218
  -5.7257576   3.9335504   0.6917351  -6.0879626   3.6457357  -0.7091286
  -3.7388477   1.0611836  -2.1906996   2.0257618]",0
"[-59.809784    15.620472   -70.8205      42.858433    -6.893393
  11.906358     3.2525222  -12.047663     8.824077    -2.2478523
   1.6352283    8.852711    -4.746057    -0.86993515  -2.3963466
  14.2728      -2.5297034   -7.408505     4.0079308    1.7315001
  -2.5220354    0.51366717   1.1071079    1.620193    -5.9695916
   2.9536884    2.702476    -1.5534905   -1.335975     0.693282
  -1.7791544    1.9834149    0.20957604  -5.351361     2.8056831
   1.2823578   -3.1207662    2.0887334   -4.996056     3.740511  ]",0
"[-1.39297226e+02  3.73284531e+01 -8.34544525e+01  6.15969048e+01
 -2.66266479e+01  3.52222404e+01  8.73217773e+00 -1.24152975e+01
  2.51999550e+01 -1.48886776e+01  6.52645350e+00  1.39041328e+01
 -9.74264908e+00  1.17939014e+01 -1.74690380e+01  1.96927071e+01
  4.23473883e+00 -1.29405870e+01 -2.33795762e+00  1.11128054e+01
 -7.10086679e+00 -7.98857510e-01 -1.56282210e+00  9.52085495e+00
 -1.62330399e+01  2.45769811e+00  7.24930286e-01 -8.32288837e+00
  9.35787868e+00 -5.57485485e+00 -3.44322753e+00  2.00451803e+00
 -1.06656480e+00 -5.01039457e+00 -2.60522604e-01 -3.60790229e+00
  1.01022214e-01 -2.93979073e+00 -4.17980480e+00  6.14040077e-01]",0
"[-54.840237    -2.4721625  -71.38536     41.85589    -33.120197
  20.210875    15.599061   -21.69564     22.908043    -8.540854
  -0.23201433  16.927092    -4.475371     2.907391    -4.3439465
  13.068695     3.9799151  -13.204557     5.06268      5.827395
  -5.5272965    2.2698836    0.9491429    2.590219    -5.497557
   0.32615688   3.2980115   -4.094424     6.110563     0.42735583
  -5.432762     4.1246166    0.99222314  -6.5711536    3.4495463
  -1.1840111   -3.0957766    1.860911    -1.5790912    1.4860772 ]",0
"[-2.1700403e+02  5.4595116e+01 -8.5842300e+01  7.1308983e+01
 -1.7822386e+01  2.9030554e+01  7.7517791e+00 -1.3091425e+01
  1.3828023e+01 -3.3084950e+00  1.6387506e+00  1.5582402e+01
 -7.7194204e+00  5.0138612e+00 -5.7768826e+00  2.1813564e+01
 -2.9962442e+00 -6.9206915e+00  3.3800578e+00  1.5552499e+00
 -3.3862536e+00  2.0828400e+00 -7.3014444e-01  3.8611357e+00
 -1.0192191e+01  5.1834407e+00 -1.7832730e+00 -2.4633384e-01
  8.3031543e-02 -6.9062197e-01 -3.9544764e-01  1.4308347e+00
  1.9432415e-01 -4.3830266e+00  9.4280887e-01  2.6942370e+00
 -5.0232530e+00  2.4170270e+00 -6.1375213e+00  2.3061357e+00]",0
"[  7.0376005   -3.516305   -64.16351     17.490253   -14.87374
  19.849056     4.8114676  -17.557854    14.690651    -8.720954
   0.58155686  12.647158    -4.43765      3.4838645   -3.129169
   9.931046     4.5145607  -13.020912     3.5747073    4.9970374
  -5.593893     0.12851685   3.6158895    0.24135284  -3.849617
   4.054679    -3.8340516   -1.4793296    7.268075    -2.6930614
  -1.2519579    3.3626962   -1.6369122    0.22180751  -0.6674254
  -2.2364244   -0.59970033  -1.8922522   -1.6151214    2.9536526 ]",0
"[-19.642242    21.279427   -59.59628     32.85121     -7.2449026
  11.86137     -1.1696334   -5.6774883    4.5300136    0.46094042
  -0.5875045    8.974651    -4.268642     2.1510637   -2.6844754
  12.985013    -3.4734962   -3.521638     0.85254514   3.3385592
  -4.6644974    0.71779716   0.5746903    0.93642396  -5.062852
   4.105239    -3.3932798    1.3298774   -0.9435315    2.02802
  -0.7195552    1.1851716   -0.7101479   -0.88245356  -1.1386731
   1.8517677   -4.084218     1.5478926   -4.211922     3.1171694 ]",0
"[-38.831364     6.3697753  -57.996838    23.976032    -4.6816072
  17.079708     0.4662531   -9.568659     8.942076    -8.666984
   1.9881105   10.207432    -3.5766098    4.9017243   -8.113004
  10.322461     5.3578024  -12.365444     1.3490885    8.695593
  -4.3121505   -3.2596655    2.658883     5.455538    -7.9162335
   3.0897937   -1.6876026   -0.9687101    4.3815193   -0.7248266
  -4.012256     6.0811577   -0.97916436  -0.49739066  -0.910243
   0.39151084  -0.23444211   0.25801802  -3.1044402    4.2973557 ]",0
"[ 22.554125   -10.619608   -50.955082    19.603336   -13.163625
  13.326848     8.302033   -15.286058    10.190493    -5.3773026
  -2.8095093   12.77044     -3.6929116   -0.2561083   -2.2239823
   7.91207      3.3972754  -12.290053     2.1722229    7.3068843
  -7.151407     0.12597926   2.5717077    0.8150041   -3.0400229
   1.7882247   -1.4257873   -1.9652879    3.9730644    1.4202425
  -4.9893236    4.677394     0.3221758   -3.2612426    0.77945846
  -0.1576564   -2.7827013    1.4690795   -1.6549839    2.5580823 ]",0
"[-5.0321678e+01  3.0144766e+01 -6.6274742e+01  3.8395741e+01
 -9.7274055e+00  1.5534619e+01  2.1339996e+00 -7.4531178e+00
  6.4516072e+00 -4.7312295e-01  4.0931176e-02  1.0952899e+01
 -4.7918205e+00  2.4506245e+00 -3.4957952e+00  1.4750031e+01
 -3.5682206e+00 -5.9631324e+00  8.3600426e-01  2.8118644e+00
 -4.4451551e+00 -1.5006870e-02  8.9697963e-01  1.4514595e+00
 -5.4979124e+00  5.6055574e+00 -4.2133327e+00  1.6423861e+00
  3.2493848e-01  7.2142220e-01  2.8195369e-01  1.1325811e+00
 -6.4010881e-02 -1.2863696e-01 -1.7811303e+00  2.1708581e+00
 -4.3611426e+00  1.4705269e+00 -4.7947073e+00  2.6416609e+00]",0
"[-71.90869     18.729244   -59.625313    28.291395    -2.5082479
  16.54611      1.4465673   -9.101169     8.1387005   -5.3144383
   2.1485994    9.799359    -3.2425277    2.6526659   -7.0042806
  11.795098     2.9209692  -10.472642     2.3570218    5.999996
  -4.582861    -2.2836988    1.1703647    3.388111    -6.0946975
   2.3236651   -2.9118025   -1.1168085    3.5568714    1.1031281
  -2.9030027    3.379625    -0.16784503  -0.8386981   -0.11816315
   0.26102856  -2.1016078    0.17654726  -3.4037516    2.8608007 ]",0
"[ 23.663893    -9.786367   -52.270542    17.982834   -11.729639
  14.922446     5.579149   -13.7898655    9.540688    -7.289213
  -1.1849179   12.56559     -3.6962652    0.38267675  -4.34951
   8.964327     3.3078597  -12.048221     2.9086952    6.8001494
  -6.543606     0.4945783    2.012112     0.62159264  -2.4708288
   2.3159187   -3.5331786   -0.6838709    4.366366     0.94591045
  -3.785751     3.5403605   -0.32195598  -1.5110888    0.12508902
  -0.48463917  -2.6696272    1.622211    -2.3248603    2.6849434 ]",0
"[-2.1815880e+02  1.0274363e+02 -4.0477219e+01  1.3990972e+01
 -5.1864848e+00  6.8719492e+00  1.0047099e+01 -6.3994417e+00
  6.1415172e+00  5.2544994e+00 -8.2456522e+00  1.4271495e+00
  6.4892817e+00 -1.5298769e+00 -2.3525357e+00  4.5068631e+00
  2.3754947e+00  5.4131418e-01  1.5116789e+00 -2.8299272e-01
 -3.1662121e+00 -5.0922555e-01  2.5820317e+00  2.9551980e+00
  2.6625571e+00  8.2032280e+00  1.6619004e+00 -3.3578765e+00
  1.8200632e+00  1.7628305e-01 -2.1858406e+00  8.7162441e-01
 -1.8223723e+00  6.0664099e-01 -1.3780881e-01 -2.2036018e+00
  3.3810601e-01 -1.2717368e-01 -2.2079406e+00  6.0720032e-01]",1
"[-2.3759285e+02  1.2792306e+02 -3.1914871e+01 -5.7322998e+00
 -5.4695792e+00  5.6485696e+00 -4.7805548e-01 -7.7542958e+00
  2.2686706e+00  6.8562355e+00  1.8079340e+00  1.3959193e+00
  7.7579159e-01  1.8896961e+00  7.5756896e-01 -2.1560402e-01
 -6.9407898e-01  2.1768725e+00  6.6538467e+00 -1.1539612e+00
 -9.5642853e+00 -3.6311660e+00  7.3332822e-01 -1.5705287e+00
 -6.9270289e-01  4.7033291e+00  4.0334611e+00  1.3621403e+00
  4.4175811e+00  3.2073050e+00 -9.6751684e-01  2.9644988e-02
 -2.6990619e+00 -1.3013941e+00  1.9392555e+00 -1.1590766e+00
 -1.8218983e+00 -7.8757185e-01 -2.0013189e+00 -6.6074073e-01]",1
"[-1.5674158e+02  9.6198456e+01 -3.8467056e+01  2.3129785e+00
 -3.0886028e+00  3.2225192e+00  5.5008131e-01 -9.7023706e+00
  4.5414205e+00  9.3549786e+00 -1.5421079e+00  8.7047266e-03
  2.4732788e+00  2.1974740e+00 -9.4771993e-01 -1.9164596e+00
 -1.9889873e+00  4.4500124e-01  3.8823073e+00  1.6717280e+00
 -4.3416982e+00 -2.1254349e+00 -2.6075229e-01  9.3389916e-01
  2.0217133e+00  5.3259411e+00  2.1690965e+00 -4.2965588e-01
  2.5569236e+00  1.7697817e+00 -2.4475114e+00  8.9318472e-01
 -1.2510947e+00 -1.1067306e+00  9.4395113e-01 -1.5448179e+00
 -1.7709916e+00  3.7990579e-01 -2.3408462e-01  1.4690574e+00]",1
"[-2.18809525e+02  9.95052567e+01 -5.80317574e+01  2.20714951e+01
 -3.03843713e+00  7.40310574e+00  9.15101337e+00 -1.57763605e+01
  1.10517492e+01  9.92761612e+00 -1.08417120e+01  3.44442010e+00
  7.18197298e+00 -1.18542576e+00 -1.18866667e-01  7.03311682e-01
 -1.57809055e+00  2.49536991e+00  3.77388525e+00 -2.63710260e+00
 -5.24572897e+00  1.57705772e+00  7.23293877e+00  6.02240600e-02
 -2.85478905e-02  8.57831764e+00 -4.50699377e+00 -8.59896183e+00
  3.43620205e+00 -7.15199172e-01 -1.66603100e+00  3.65515447e+00
 -2.02706313e+00 -7.85447121e-01  1.75483608e+00 -2.05467725e+00
 -1.74456283e-01  8.07611048e-01 -2.31283307e+00 -1.20790327e+00]",1
"[-2.9441559e+02  9.2589867e+01 -6.7529187e+00  1.6251709e+01
  4.4426527e+00  1.4391471e+01  5.0891237e+00 -5.0388331e+00
  3.8921192e+00  5.8683605e+00 -3.4156859e+00  5.2152362e+00
  4.0776443e+00 -1.4465978e+00  2.5439218e-01  3.4125012e-01
 -2.1142678e+00  6.7987144e-01 -9.7150899e-02 -2.6599128e+00
 -3.9519370e+00 -3.9849900e-02  1.6475496e+00 -7.0570661e-03
 -3.7783113e-01  2.0730317e+00 -1.1556053e+00 -2.4339914e+00
 -4.4591013e-01  1.2459105e+00 -3.4296063e-01 -2.8952071e-01
 -4.4320634e-01 -1.5395056e-01 -3.4507822e-02  3.0675119e-01
 -6.9979988e-02 -2.5717378e-01 -2.0021482e+00 -2.0988822e+00]",1
"[-2.2783597e+02  8.3384666e+01 -2.6475996e+01  1.2246747e+01
  6.0252171e+00  1.3649910e+01  4.7205224e+00 -4.8236675e+00
  1.4716398e+00  6.1883750e+00 -2.1528304e+00  6.4500895e+00
  4.5240426e+00 -2.0155451e+00 -2.4448528e+00  9.9457169e-01
 -2.9166963e+00  1.0740846e+00  7.6861465e-01 -4.8663759e-01
 -2.9252346e+00  1.1081611e+00  4.5693746e+00  3.0401630e+00
 -8.0596548e-01  3.5258677e+00 -2.0052426e+00 -3.9444764e+00
 -5.8478558e-01  2.7320278e+00  5.5542510e-02  6.2099719e-01
 -1.7990458e+00 -9.6832359e-01 -5.4789877e-01  1.5345812e+00
 -8.5897520e-02 -6.8434811e-01 -2.8615944e+00 -2.1195564e+00]",1
"[-1.7916129e+02  9.9821701e+01 -7.3253670e+01  2.5978056e+01
 -8.8560848e+00 -7.7111955e+00  6.2505903e+00 -4.7362471e+00
  1.1065831e+01  7.7939706e+00 -4.7101769e+00  3.8414388e+00
  4.2409186e+00 -2.9364586e+00 -5.4070342e-01  6.2495327e+00
  1.0247716e-02 -9.8550659e-01  3.8840568e+00 -8.8221771e-01
 -6.9499745e+00 -4.0892458e+00  1.8969233e+00  1.7427937e+00
 -9.8645467e-01  1.1359752e+01  7.0527444e+00 -2.1810241e+00
  4.2166514e+00  5.4010576e-01 -2.1759198e+00  5.0126565e-01
 -4.2037039e+00  2.6213172e-01  2.7061162e+00 -5.7118271e-02
 -2.7517865e+00 -3.8560145e+00 -1.6311677e+00  7.8518403e-01]",1
"[-1.6306613e+02  8.8878479e+01 -5.5882404e+01  8.0753450e+00
  5.9824491e-01  1.2983842e+01  3.9810922e+00 -1.6700891e+01
  4.3359022e+00  1.2757529e+01 -2.9357035e+00  9.5891256e+00
  8.0673580e+00 -2.3458641e+00 -2.0580530e+00  9.6019894e-02
 -3.0102327e+00  3.9706221e+00  3.4232116e+00 -2.2015605e+00
 -3.0140667e+00  3.3450811e+00  4.9200525e+00  3.3403327e+00
 -9.1110833e-02  5.7005863e+00  2.8607106e-01 -7.4944453e+00
 -1.6165180e+00  3.3273578e+00 -1.9372326e-01  1.7879634e+00
 -1.9405344e+00 -1.5285809e+00  1.1615821e+00 -1.1815810e-01
 -1.2413456e+00 -4.7712702e-02 -1.3408695e+00 -4.0336636e-01]",1
"[-2.2496098e+02  8.4990372e+01 -2.8884089e+01  1.2845913e+01
  4.5074120e+00  1.2620900e+01  2.6418409e+00 -7.3816552e+00
  1.6766754e+00  8.2494249e+00 -3.0685525e+00  5.5487881e+00
  4.8224325e+00 -6.7835057e-01 -2.2582202e+00 -6.3049847e-01
 -3.4326656e+00  2.5667908e+00  7.0567483e-01 -1.0065981e+00
 -3.6128535e+00  4.7023085e-01  3.9342830e+00  2.8100255e+00
 -1.0846560e+00  4.8423657e+00 -7.7602214e-01 -3.8459196e+00
 -5.2773160e-01  3.0429819e+00  6.6806406e-02  1.6608198e+00
 -1.8708063e+00 -6.8095762e-01  1.6109154e-01  1.3176553e+00
 -1.0835540e+00  1.5114793e-02 -2.2302861e+00 -1.3091112e+00]",1
"[-2.3535623e+02  8.5609856e+01 -1.8695522e+01  1.1694700e+01
  9.6777010e-01  1.2272754e+01  5.4038949e+00 -6.1565766e+00
  3.4640884e+00  1.0448426e+01 -4.2645483e+00  1.0773211e+00
  4.1274691e+00  2.3668499e+00 -8.3738810e-01 -1.8898051e+00
 -3.7348228e+00  1.2115766e+00  1.8474637e+00  1.0772463e+00
 -3.4211953e+00  1.4047838e+00  3.4553638e+00  1.1623379e+00
 -9.1585147e-01  2.3665991e+00 -6.8623573e-01 -2.4969714e+00
 -1.5294722e+00  1.9002144e+00 -1.2620478e+00  8.0150813e-01
 -3.1750974e-01 -5.8128326e-03  1.1262970e+00  7.4725604e-01
 -2.0123923e+00 -1.1010486e+00 -2.1201348e+00 -4.0881994e-01]",1
"[-2.47425797e+02  1.01029625e+02 -3.62623596e+01  2.74016418e+01
 -8.19803143e+00 -5.61591196e+00 -1.00330509e-01 -4.57150793e+00
  1.22756472e+01  7.21679735e+00  1.40492773e+00  5.66650820e+00
  1.51853120e+00 -8.33906353e-01  1.08542524e-01  7.06081331e-01
 -5.88070035e-01 -5.00616193e-01  1.19767404e+00  8.67397487e-01
 -2.89336324e+00 -4.56453085e+00 -1.34396708e+00 -1.80656242e+00
 -5.19360399e+00  3.65743828e+00  3.63119745e+00 -2.00455022e+00
  4.24530649e+00  2.29261732e+00 -1.91327548e+00 -1.26122206e-01
 -3.32242489e+00  2.39347339e-01  2.77206445e+00 -1.30328655e-01
 -4.50373232e-01 -2.70836973e+00 -2.40624022e+00  1.21306494e-01]",1
"[-9.1267990e+01  6.7921722e+01 -5.5589695e+01  2.6532881e+00
 -5.4772129e+00  1.2995762e+01  4.7307220e+00 -1.2289832e+01
  3.3829443e+00  8.2331848e+00 -3.7678213e+00  1.0108373e+01
  7.1329503e+00 -2.1636066e+00 -4.8432169e+00 -1.2651453e+00
 -2.6216207e+00  4.3141327e+00  1.5493129e+00 -8.0485366e-02
 -1.8813701e+00  3.0967135e+00  2.7900589e+00  4.4844918e+00
  1.0905304e+00  5.6752782e+00  3.3060923e-01 -2.7020884e+00
 -8.8711005e-01  2.2443194e+00 -1.6514462e+00  2.4608715e+00
 -1.7675815e+00  1.0822318e+00  2.4172944e-01  5.7922047e-01
  3.7670699e-01 -3.6320874e-01 -3.1220126e+00  2.1579933e+00]",1
"[-211.65462     109.748276    -50.28405      32.88553      -5.80953
  -14.795941      2.534308    -17.34626       1.8943026    21.822977
    0.6587771     3.5463538     5.4036536     1.2222086     4.8640685
   -0.80108047   -4.1633487     1.7349166    -0.93328327   -2.1579885
   -5.203688     -4.130325      3.2586455    -0.32132876   -0.26407745
    9.17091       2.2155979    -0.82753706    3.269142     -2.5058863
   -1.2707645     1.0258178    -4.84917      -0.91776145   -1.0853485
   -5.0820227    -0.8154132    -1.22598      -2.7083087    -0.28113896]",1
"[-3.6608215e+02  1.0889054e+02  6.8638263e+00  2.5594624e+01
  3.3090770e+00  1.6599941e+01  1.7430712e+00  4.6658669e+00
 -1.5062685e+00  7.0474491e+00 -2.6939447e+00  3.6924183e+00
 -5.4250836e+00  4.0642805e+00  2.2493829e-01  5.0245142e+00
 -4.6264324e+00 -1.4690036e+00 -3.8997715e+00  1.8957940e+00
 -6.5409498e+00  6.8602246e-01 -1.7131287e+00  8.0209005e-01
 -3.0447719e+00  2.8040199e+00 -2.7538846e+00  1.2512906e+00
 -9.6752197e-01  6.7672485e-01 -2.8419271e+00  1.6829759e+00
 -2.6718345e+00  1.2093393e+00  9.7326756e-01  8.3091372e-01
 -9.2282742e-01 -4.1886982e-01 -4.6367803e+00 -6.7941701e-01]",1
"[-2.5263914e+02  1.0863495e+02 -1.8888042e+01  8.6840677e+00
 -6.4492126e+00  9.2258015e+00  4.8954587e+00 -1.1576180e+01
 -1.9426466e+00  9.2534599e+00  2.3670595e+00  4.1580038e+00
 -7.5155318e-01  3.9982212e+00  5.8667898e+00  3.2646108e-02
 -2.1495423e+00  5.0382507e-01  1.3703868e+00  3.6465130e+00
 -4.2867312e+00 -3.3078463e+00  3.7887678e+00 -3.9991599e-02
 -3.9023561e+00  2.1331582e+00 -1.9538393e+00 -1.2988865e+00
  3.4717612e+00  1.9154655e+00 -4.4492725e-02  1.6363841e+00
 -2.1340485e+00 -1.1506408e+00 -1.1391915e+00 -4.9910915e-01
 -5.4321688e-02 -9.6972662e-01 -1.5872554e+00 -5.0189322e-01]",1
"[-2.9212802e+02  1.2507704e+02 -2.0989565e+01 -3.6577511e-01
 -2.6514385e+00  6.6139398e+00  2.1058404e-01 -3.0775273e+00
  4.3374295e+00  8.3719454e+00 -4.9827334e-01  3.4189335e-01
  7.8650331e-01  1.4389546e+00 -1.5100082e+00  3.5870215e-01
  8.8391894e-01  4.9700633e-01  3.8036613e+00 -5.2799308e-01
 -9.1568794e+00 -3.8342700e+00  1.3855304e-01 -1.5699666e+00
 -2.1683352e-01  2.7560959e+00  2.3582630e+00  1.6299729e+00
  2.4203849e+00  1.1004235e+00 -1.3711939e+00 -1.4874710e+00
 -2.2387085e+00 -4.9025735e-01  8.3424151e-01 -1.1450411e+00
 -5.0435108e-01 -1.5948064e+00 -2.2909780e+00  4.5737630e-01]",1
"[-2.5295143e+02  1.1407028e+02 -3.4392010e+01  5.2172227e+00
  6.1959162e+00  3.6814263e+00  3.3721936e+00 -7.1311932e+00
  2.8707078e+00  8.7877808e+00 -1.5502220e+00 -1.4593179e+00
  3.5755405e+00  2.5218780e+00  1.2259468e+00  1.3555875e+00
 -1.3438416e+00 -1.4967270e+00  3.0786083e+00  2.8184396e-01
 -7.2552862e+00 -4.2978487e+00  3.3724517e-01 -1.8500954e-01
  2.2466249e+00  3.9432142e+00 -1.2129825e+00  3.4454802e-01
  2.1788213e+00 -2.6011178e+00 -1.0449680e+00  2.7338550e+00
  2.3029840e-01  1.9699817e+00  1.5461614e+00 -2.7271721e+00
 -1.6596607e+00 -1.4145087e+00 -2.5344318e-01  1.9577441e+00]",1
"[-238.79498     131.11401     -36.00078      -2.3167505   -10.859609
    4.6870556     2.6594746   -16.653784     -2.728743      8.731156
    3.8332007     5.880888     -0.5758575     3.019842      6.91974
   -4.1476984    -5.5958595     2.6051955     5.15444       1.4854304
   -8.861654     -4.8702717     6.1014023    -0.84460664   -3.4171166
    3.4211755    -1.31355       1.0114498     4.2383056     0.7474804
    4.1763515     2.9717858    -4.0826674    -2.7644024    -1.4670867
   -0.60442376   -0.9452833    -2.4695673    -0.33672217   -1.0049145 ]",1
"[-2.7610248e+02  1.2258275e+02 -2.1666182e+01 -2.9725304e+00
 -5.7000546e+00  1.7019621e+01  3.3227735e+00 -8.0656309e+00
 -3.2229788e+00  1.0129414e+01  1.1741831e+00  2.3059523e+00
 -1.4412863e+00  3.1703627e+00  2.0455210e-01  2.2865500e+00
 -8.8783836e-01  1.3593279e+00  2.9841545e+00  1.2507825e+00
 -8.7118435e+00 -2.2371395e+00  5.5798727e-01 -2.5841467e+00
 -2.5676100e+00  2.3594725e+00 -1.2530943e+00  8.2495153e-01
  2.6753643e+00  2.4201810e+00 -3.7756777e-01 -2.9193034e-02
 -1.9161948e+00 -9.0846699e-01  1.3156693e+00  3.5241958e-02
 -1.6175529e+00 -6.6904545e-01 -1.8332348e+00 -8.1475729e-01]",1
"[-1.83284882e+02  1.19674545e+02 -5.32633667e+01  5.98556139e-02
 -3.03787613e+00  2.64583087e+00  4.37724113e-01 -1.63597546e+01
  5.76588058e+00  2.15119743e+01  6.31533670e+00 -8.51848602e-01
 -2.77585959e+00  1.62046695e+00 -9.62471008e-01 -6.33276796e+00
 -1.61768508e+00  7.59108901e-01  4.68539143e+00  7.21069813e+00
 -8.52378368e+00 -7.93389988e+00  4.43758249e+00 -4.67746687e+00
 -9.61751175e+00  2.74389148e+00 -1.67060292e+00 -7.30350673e-01
  9.16388988e+00  5.19445562e+00  5.49530935e+00  8.69007111e+00
 -1.95734203e+00 -7.43879735e-01  1.26169407e+00 -4.34814882e+00
 -1.36215508e+00  4.90146577e-01 -1.66152763e+00  1.15000963e+00]",1
"[-1.9622038e+02  1.2633133e+02 -4.1896523e+01 -1.0197248e+01
 -9.8692389e+00  6.4737329e+00  7.5413351e+00 -2.0400755e+01
 -3.2458172e+00  1.0451863e+01  2.1339412e+00  4.8882484e+00
  7.8136796e-01  1.2855701e+00  7.1939058e+00  2.0615041e+00
 -2.3272352e+00  2.2440631e+00  5.4128842e+00  1.2441585e+00
 -9.4425602e+00 -4.4656844e+00  3.6831493e+00 -4.2671056e+00
 -7.1313586e+00  2.5853126e+00  4.3518430e-01  2.4785413e-01
  7.3225527e+00  7.1495223e+00  2.3353658e+00  2.2076442e+00
 -1.4074583e+00 -7.3796076e-01  1.9846979e+00 -9.2894572e-01
 -3.7592006e+00 -1.6396394e+00 -6.0528970e-01  8.8918351e-02]",1
"[-235.16904      92.856384    -21.243397     22.304104     -2.8127644
    3.2097807    -2.4220848    -9.662583     -1.4486339     6.093987
   -1.6145142     3.494353     -0.8106953     1.3786224     3.2290516
    2.649868     -3.4354277     1.1501714     1.3340639     2.3150918
   -2.4612916    -1.6166946     2.9610124     2.2285311    -4.71146
    2.9284503     1.1993244    -2.1408527    -0.40565932    1.0577254
   -1.5539874     1.1177225    -1.9613777     0.69421065    0.76611793
   -0.9326589    -0.8394052    -0.36860886   -2.2376125     0.32319227]",1
"[-1.2402663e+02  7.4454575e+01 -4.9108734e+01  2.0071352e+01
 -4.8710876e+00  5.0762568e+00  4.9823780e+00 -1.3967517e+01
  2.5824342e+00  7.8993669e+00 -9.0210371e+00  2.8811114e+00
  6.4656267e+00 -4.3891373e-01 -2.7533844e+00  1.1623621e+00
 -2.9682877e+00  1.8555785e+00  3.2891834e+00  1.0448996e-04
 -6.5451674e+00  1.8685539e+00  6.3569150e+00  1.3631856e-01
 -1.7613064e-01  9.0919571e+00 -3.5240738e+00 -4.4581766e+00
  2.5525324e+00  3.1867865e-01 -9.7805279e-01  3.9479761e+00
 -2.0142982e+00  1.4567060e+00  1.7502102e+00 -5.2968919e-01
 -1.3314896e+00  1.0243940e+00 -9.5954311e-01  3.3918142e-01]",1
"[-252.56653      94.00228     -19.40752      19.315582     -3.058791
    8.686791      1.7789232    -9.176761      0.80756444    5.9411335
    2.6526392     3.4863403    -4.304237     -0.34689036    1.7954267
    1.8092271    -3.425305     -3.7281923     2.8393912     3.1530104
   -5.832618     -2.1653752     2.8432107     0.3458208    -2.7669218
    3.3523326     1.2795241    -1.7840648     1.5249182     1.6022179
   -1.8292074     1.2869945    -1.775643     -0.299825      1.2632577
   -1.0700771    -1.1642883    -1.073724     -2.5689316    -0.73479694]",1
"[-2.3633351e+02  9.1167465e+01 -3.7539417e+01  2.4567398e+01
 -4.1270037e+00  1.0158923e+01  2.6563642e+00 -4.8507118e+00
  1.7624346e+00  4.4680166e+00 -4.9238902e-01  5.0786853e+00
 -2.8354778e+00  2.4236705e+00 -9.6725452e-01  3.0636160e+00
 -3.5613725e+00 -6.3794643e-01  3.1025584e+00  3.7840676e+00
 -4.6147318e+00  1.4439727e+00  3.1915855e+00  7.7842617e-01
 -2.9375165e+00  4.8392305e+00 -6.1274552e-01 -1.9881074e+00
  1.9964534e-01  9.1275001e-01 -1.8942571e+00  9.1604221e-01
 -3.1205263e+00  3.7004012e-01  5.1206714e-01 -1.4435722e+00
 -1.1475743e+00 -3.5472855e-01 -2.4410472e+00  4.3223357e-01]",1
"[-335.30145    138.33987     15.856889    17.257812    -7.2990084
   13.942646    -1.4581271    6.5950174   -5.1493263    8.391778
   -4.057001     4.05947     -4.1902623    2.9613163   -3.0544279
    4.295774    -5.3578715    2.3352468   -5.233668     2.3248677
   -4.7691026    2.8263123   -3.0400348    2.5110784   -2.9916427
    1.1066561   -5.063387     1.5981156   -3.1503785    2.097039
   -2.2339613    1.6606978   -2.1467764    1.186357    -1.984139
    1.4625372   -1.6070632    1.445069    -1.7102274    0.9511205]",2
"[-323.3349     159.14812     12.829151    14.534816    -6.5648623
   10.7337265   -5.577763     7.910941    -5.605672     6.897639
   -6.615103     6.1833925   -4.9515905    4.3617578   -4.1246753
    6.171007    -6.5308185    2.6950839   -6.9704847    2.306161
   -6.4826293    3.2244074   -4.093248     4.6928706   -3.5833685
    2.8550706   -5.100725     2.1283996   -5.1013374    2.1101325
   -3.1717036    2.7683096   -3.2220492    1.6999848   -3.1884384
    2.32205     -1.8002225    2.1879914   -2.4862292    1.7007036]",2
"[-324.9384     159.34554     12.129164    15.263568    -7.9389477
   12.43323     -6.2901177    9.128733    -6.792547     7.794374
   -7.7861304    6.720394    -6.616824     4.7982936   -5.337417
    6.445747    -8.175737     3.3187354   -8.387679     2.4060576
   -8.658831     3.1280415   -5.6985774    4.8420625   -4.737364
    3.236174    -6.7544827    2.912809    -5.585351     2.9822218
   -4.3861275    2.9332952   -4.890288     1.6072923   -4.2298155
    3.159982    -2.5679283    2.7627175   -3.1175945    2.5279596]",2
"[-321.2014     158.56036     11.912036    13.989005    -8.84616
   10.498008    -5.8100514    8.342574    -6.2491035    7.2211785
   -7.333383     6.097562    -5.097479     4.3087025   -4.438566
    6.255322    -7.1488795    2.4642422   -7.6979666    2.5372071
   -7.099856     2.8384392   -5.157605     3.8725755   -5.0477095
    2.0225248   -6.5214458    1.9676356   -5.6907015    2.0379403
   -3.8782966    2.3262434   -4.437216     1.6485673   -3.2617888
    2.9680681   -2.2020156    2.4820592   -2.7076883    2.4308634]",2
"[-325.30045    155.80064     12.4749565   13.315199    -6.9349537
   10.522433    -5.114752     7.8985486   -4.8261204    7.1990695
   -5.5118065    5.5831795   -4.671286     4.196975    -3.4047525
    5.832822    -5.9104776    2.2704532   -6.644394     2.2384038
   -6.367863     2.4793715   -4.1295714    4.207185    -3.1143248
    2.813568    -4.717911     2.1334167   -4.0611825    2.6053603
   -2.6382554    2.5443046   -3.3802457    1.2028847   -2.7121139
    2.3408258   -1.7166073    2.0598986   -2.0686224    2.1884847]",2
"[-323.94177    155.76944     12.668522    15.71453     -7.711915
   10.658486    -5.3123775    7.7727222   -5.4361424    8.012086
   -5.8480983    5.617205    -5.3532143    4.056287    -3.892476
    6.252794    -6.8625603    2.148087    -7.817853     2.1199381
   -6.8936696    2.2572777   -5.060166     3.7880502   -4.1589184
    2.1338284   -6.2144766    1.8744172   -5.074998     2.0144086
   -3.5889335    1.9645119   -4.0479326    1.3498029   -3.638364
    1.7069961   -2.372387     2.1846807   -2.1545568    2.2562034]",2
"[-331.3493     154.8302      14.029872    15.409582    -9.491429
   12.277745    -6.446483     8.39183     -6.6353154    8.205008
   -8.053987     7.129526    -6.2461257    5.4966335   -4.783538
    7.25362     -6.979035     3.642049    -8.642077     3.3163834
   -8.100023     3.3569922   -5.7853346    4.7407045   -4.832742
    3.408364    -7.0803285    2.7261865   -6.0917215    2.752209
   -4.328384     3.1062148   -4.673121     2.287224    -4.2037544
    2.8476715   -3.2005994    2.5027792   -2.959245     2.9628797]",2
"[-3.1776212e+02  1.5099190e+02  1.4131534e+01  1.4583060e+01
 -5.1029100e+00  1.1218187e+01 -3.1534474e+00  7.3133826e+00
 -4.2287059e+00  5.6822782e+00 -5.0272579e+00  2.7898476e+00
 -3.9753795e+00  2.0956984e+00 -1.3847924e+00  3.7201202e+00
 -5.4068151e+00  8.9697355e-01 -5.8043952e+00 -2.2017618e-01
 -5.8139491e+00  5.7131702e-01 -4.1681232e+00  1.7294683e+00
 -2.7040324e+00  1.0907111e+00 -4.0124803e+00  7.8434080e-01
 -3.4012890e+00  7.2024095e-01 -2.2190051e+00  6.9904661e-01
 -2.4473879e+00  5.2471870e-01 -1.7634414e+00  1.0997512e+00
 -1.0748454e+00  1.0267342e+00 -1.2766787e+00  9.1307449e-01]",2
"[-325.53494     151.84492      16.690758     13.59409      -3.874198
   10.253593     -2.1364791     6.8447747    -2.754486      5.312581
   -4.205907      3.9862633    -2.6080139     2.5602105    -0.91732776
    4.6526737    -4.3976393     0.50543517   -5.039405      0.5290027
   -4.869156      0.37604666   -3.6523776     1.30872      -2.5598354
    0.72516644   -3.5654256     0.82058054   -2.931991      0.8806177
   -1.5174452     1.2789346    -1.4059714     1.0444369    -0.8371797
    1.7443019    -0.42570838    1.1952689    -0.74083364    1.3836576 ]",2
"[-315.18494    153.1711      10.243929    15.09688     -8.15307
   10.476083    -6.1446824    7.09676     -5.7019653    6.6578064
   -6.49069      5.3854094   -4.9165206    3.4279165   -3.6558607
    6.243878    -5.910568     2.0895305   -7.1083436    1.927168
   -5.8184366    2.5106091   -4.1847754    3.854536    -3.398227
    2.388758    -4.9570785    2.2041945   -4.375497     2.1396894
   -3.0312335    1.6471678   -3.7349238    1.1574533   -2.9526196
    2.1968737   -1.7568241    1.9439394   -1.9819647    2.183186 ]",2
"[-302.59198     150.91367       8.673285     17.698824     -9.630081
    7.891952     -4.672314      4.435247     -7.423259      5.953687
   -7.393082      3.3754942    -3.2209337     1.7552363    -3.9125936
    4.142175     -6.383879      1.1717207    -7.2286196     0.8436191
   -5.247524      2.1235647    -3.422256      1.9234709    -3.656676
    2.2832887    -4.381716      1.007265     -3.6360025     1.2871897
   -2.6768138     0.80018806   -3.1263452     0.9404492    -2.3159764
    0.67700064   -1.9651359     1.3360679    -1.9799132     1.1880479 ]",2
"[-3.2749277e+02  1.5372632e+02  1.4000333e+01  1.2262701e+01
 -6.5285568e+00  9.3271809e+00 -5.2299757e+00  6.0007439e+00
 -4.8662753e+00  5.7254596e+00 -5.7433786e+00  3.8450551e+00
 -4.8240442e+00  2.8359785e+00 -3.4963951e+00  3.8639464e+00
 -6.4172769e+00  1.1193871e+00 -5.8010092e+00  1.2255187e+00
 -6.2934737e+00  1.3428856e+00 -4.0169864e+00  2.5402498e+00
 -3.0659225e+00  1.1489792e+00 -5.4833016e+00  3.9526194e-01
 -4.1862569e+00  1.2346128e+00 -2.6169894e+00  1.3532017e+00
 -2.9776495e+00  2.0088065e-01 -2.6154201e+00  1.3456565e+00
 -1.6438804e+00  1.5308478e+00 -1.5308208e+00  1.4364525e+00]",2
"[-332.54935    156.30826     12.683968    14.228607    -9.274156
   12.54938     -7.5293927    9.299761    -6.6993856    8.624579
   -7.9886127    6.6209426   -7.0218434    5.9850492   -5.6089363
    7.2467074   -8.216694     3.3648627   -9.25407      3.4176245
   -7.9182773    4.3308406   -5.9356833    5.0872197   -5.335528
    3.8329284   -6.8047724    3.558563    -5.8606353    3.6163456
   -4.9571433    3.5363078   -4.615593     2.594176    -4.3767715
    3.6271362   -3.2902145    3.1480148   -3.0747325    3.2884638]",2
"[-334.68774    153.1067      14.85975     13.6665325   -8.807046
   11.370026    -6.342552     8.403869    -5.5791745    7.461013
   -7.331028     5.467668    -6.075037     4.9068503   -4.40891
    6.8447056   -6.7122664    2.3458672   -8.272764     2.221066
   -7.2375903    3.3169403   -5.0286865    4.0909996   -4.550457
    2.5569139   -6.538833     2.01905     -5.1544833    3.2160926
   -3.5078459    2.7291436   -3.875484     1.675632    -3.5860004
    2.6235905   -2.2081835    2.6006258   -2.3258042    2.4478283]",2
"[-313.0222     149.14665     10.727341    16.192038   -10.350073
   11.0156      -6.3318753    7.27383     -6.998871     7.73469
   -6.953072     4.0677047   -4.2181234    2.259017    -3.1617758
    5.534348    -6.2716155    2.3975685   -7.5842295    1.3582346
   -6.4861054    2.3249233   -4.300509     3.400092    -4.2521935
    2.4572263   -5.927922     1.7319341   -4.72813      2.15195
   -3.2494435    2.3078113   -3.5685866    1.3580973   -2.9658282
    1.5872087   -2.1237965    2.008521    -2.3898714    2.350983 ]",2
"[-333.61865    155.36328     12.809391    12.737636   -10.191145
   11.577958    -7.436093     8.655979    -6.124687     8.393049
   -7.771093     6.3851533   -6.90537      5.259274    -5.2280188
    7.268359    -7.935487     3.1474488   -8.490936     3.178299
   -7.8529086    3.6371634   -5.5860395    4.9033175   -4.735561
    3.4936073   -6.4689083    3.1270273   -5.523989     3.4331698
   -4.012141     3.48467     -3.590744     2.5968611   -4.002961
    2.846563    -2.8758514    2.8653119   -2.7283082    2.8542717]",2
"[-3.0344653e+02  1.4550975e+02  1.1980124e+01  1.4427520e+01
 -8.5283632e+00  7.7835779e+00 -2.4876897e+00  3.4853258e+00
 -4.3244696e+00  5.0058470e+00 -3.9633360e+00  2.4644845e+00
 -1.9695503e+00  5.8989006e-01 -6.0511138e-02  3.3493061e+00
 -3.3282421e+00  2.0938115e-01 -4.1737537e+00 -1.6013542e-01
 -3.9305744e+00  1.9424763e-01 -1.8644745e+00  1.2016748e+00
 -1.6448334e+00 -4.0725708e-02 -3.5804124e+00 -2.9452482e-01
 -2.3983235e+00 -2.8365137e-02 -1.0523771e+00  5.6711864e-01
 -6.9342715e-01  7.4216551e-01 -1.0947108e+00  2.2018215e-01
 -3.4357250e-01  1.0625379e+00 -5.3348053e-01  6.5626228e-01]",2
"[-2.8001224e+02  1.4277397e+02  4.5186958e+00  1.8418587e+01
 -6.5885921e+00  7.2591219e+00  2.2294606e-01  4.7477870e+00
 -3.3738940e+00  6.3002100e+00 -2.2966678e+00  2.8604329e+00
  9.5631206e-01 -7.5039160e-01  1.1017611e+00  2.6145170e+00
 -2.8155015e+00  9.2604004e-02 -4.1075821e+00 -3.2413882e-01
 -3.4206731e+00 -7.1031731e-01 -1.6578693e+00  3.4767527e-02
 -1.5367355e+00 -2.1815771e-01 -2.7548332e+00 -1.0091356e+00
 -1.7100458e+00 -1.3498789e+00 -9.7830051e-01 -3.7771651e-01
 -1.3563648e+00 -6.1233681e-01 -9.0352201e-01 -3.9970174e-01
 -6.1158729e-01 -4.7677800e-01 -2.1730492e-01  6.2889570e-01]",2
"[-319.77094    161.63324     11.320904    14.913434    -7.0622973
   10.485989    -6.072601     8.5431      -5.9705615    8.109583
   -6.341932     6.8612447   -5.420245     4.638024    -3.9649231
    6.9309144   -7.018996     3.3531969   -7.146365     3.156157
   -6.5007925    3.4966168   -4.574444     4.8117456   -4.451247
    2.3568385   -6.574709     1.6441305   -5.314086     2.7394557
   -3.7325046    2.4736865   -3.8851569    1.4626206   -3.8509753
    2.1862469   -2.0249965    2.8957987   -2.3581297    2.420859 ]",2
"[-318.60593    156.72627     10.17493     15.821423    -5.8422647
   10.138488    -5.2371583    7.76737     -5.5784073    7.00123
   -6.507047     5.944467    -4.6277556    3.9752991   -3.9438117
    5.095825    -6.771609     2.4475598   -7.1015773    1.722452
   -7.559154     2.2300265   -4.523594     3.6093411   -3.8861582
    2.4034936   -5.681278     2.1354334   -4.6572185    2.171864
   -3.3671503    2.1721356   -3.213149     1.7041572   -2.936236
    2.3650944   -1.7972666    2.4067347   -1.9806246    2.218104 ]",2
"[-316.81903     154.96631      10.162962     13.984404     -8.202447
    8.191048     -5.2227893     6.50242      -5.2095375     5.7046256
   -6.3461957     4.5083756    -4.5027504     2.223688     -3.3852484
    4.514737     -6.1911993     1.593482     -6.4510264     1.4907178
   -6.225716      1.7952367    -3.825427      2.9199593    -3.526451
    1.6919708    -5.148407      1.3939011    -3.935177      1.6060255
   -2.4898586     1.9909328    -3.2623997     0.80424565   -2.8529499
    1.8068382    -1.1010331     2.0334604    -1.8794435     2.0568244 ]",2
"[-316.34793    162.40562      8.93749     15.386863    -7.359486
   11.200628    -5.9724965    8.717175    -6.7384143    8.362493
   -6.879942     7.030668    -6.1611342    4.454832    -5.2549405
    6.8152494   -7.7383113    2.9578283   -8.02837      2.8896992
   -7.3625584    3.6841114   -4.837788     5.0595703   -4.582621
    2.7789617   -6.9375525    2.0543354   -5.4786716    3.2705846
   -3.7931461    2.8581333   -3.9705987    2.2213926   -3.675279
    2.8216598   -2.3527231    2.5033207   -3.0346956    2.4162884]",2
"[-317.35254    161.01883      9.785052    15.733379    -8.365849
   10.371116    -6.3833385    8.397254    -6.4305344    7.9035
   -7.1661377    6.985424    -5.769224     4.300906    -4.7076464
    6.6249905   -7.275655     3.4858265   -7.4302278    2.5028212
   -7.670412     3.397301    -5.1292286    4.206847    -4.7257066
    2.652094    -6.8936167    2.0013335   -5.5526214    2.4155245
   -3.863616     2.5600545   -4.205969     1.9191597   -3.601751
    2.6756244   -2.3931417    2.3760707   -2.513445     2.422201 ]",2
"[-319.2601     159.39285     11.608193    13.680774    -6.688611
    9.419076    -4.979261     7.491176    -4.9184527    6.726269
   -5.9325056    5.3541083   -5.048766     3.6869006   -3.3710756
    5.622501    -5.9597616    2.6063008   -6.422865     1.7129216
   -6.3359065    2.171963    -3.9922187    4.031287    -3.3477318
    2.2113647   -5.4828577    1.5256096   -4.6215105    1.9165663
   -3.0252204    2.0757897   -3.0766838    1.4925127   -2.5615516
    2.4790497   -1.5231432    2.1236417   -1.6893708    2.212342 ]",2
"[-320.59265     159.1165       13.293719     13.84692      -5.521965
    9.737433     -4.257891      7.6892796    -4.77359       6.1467686
   -5.445182      4.704582     -5.1302714     3.3799736    -2.7310553
    5.6528254    -5.565765      1.993688     -6.403251      1.25464
   -6.0166426     2.6029196    -3.4669924     3.9009771    -2.7703373
    2.2259743    -4.917672      1.678346     -4.567372      1.2916601
   -3.3145924     1.621572     -3.157238      0.74165773   -2.9470818
    1.2460196    -1.8724724     1.2996664    -2.0995655     1.5487031 ]",2
"[-1.9130336e+02  2.0099345e+02 -1.6448021e+02  5.8523094e+01
 -3.3431201e+00 -1.4541595e+01  4.9486061e+01 -3.0339508e+01
  1.8344042e+01  1.7150326e+01 -1.6614544e+01  2.2120405e+01
 -1.1846203e+01  3.1728420e+00  1.6118273e+01 -1.5678378e+01
  1.0159867e+01 -9.6602398e-01 -3.6098883e+00  1.0173418e+01
 -1.2130678e+01  4.3458095e+00  8.8072234e-01 -9.2630739e+00
  7.7513900e+00 -8.6981087e+00 -9.8511380e-01  6.7955160e+00
 -7.6332955e+00  4.6601963e+00 -1.2571884e+00 -3.3235385e+00
  3.3772142e+00 -6.9157314e+00  2.3410068e+00 -5.3376448e-01
 -5.9250259e+00  4.2860994e+00 -3.4458942e+00 -5.6017127e-02]",3
"[-1.51502579e+02  1.79330307e+02 -1.52733292e+02  8.27895966e+01
 -6.11332779e+01  1.95259304e+01 -3.34611607e+00 -1.41066027e+01
  2.74023304e+01 -2.97280216e+01  1.39445286e+01 -1.31031065e+01
  8.53234112e-01  7.24320126e+00 -9.96372700e+00  6.85876608e+00
 -6.44162369e+00  6.08859396e+00 -3.87756968e+00  1.28381491e+00
  2.68452382e+00 -2.41663194e+00  4.70494652e+00 -4.77851057e+00
  3.47251296e+00 -1.55725777e+00 -9.88797903e-01  9.39249396e-01
 -2.13988519e+00  2.01238084e+00 -1.65733707e+00  1.37020981e+00
 -5.05709887e-01  2.51937918e-02  1.09054923e+00 -5.41061580e-01
 -3.39069128e-01 -1.30290699e+00  1.00929439e-01 -6.75952554e-01]",3
"[-132.193       89.05403    -48.91343     61.32487    -51.760468
   55.859276   -35.053497    32.83119    -14.033203    19.634598
  -16.524454    14.310311   -10.950074     8.046932    -5.641862
    2.1468678    0.6171585   -1.9410182    3.6894894   -7.131808
    5.4018035   -4.5461693    6.1116      -4.1495285    8.160944
   -3.7895894    3.759757    -5.4913855    0.6550722    0.7619167
    2.2165499    3.5538828   -1.3287475    2.4287834   -2.5656545
    4.035395    -2.7801673    4.6223097   -3.3593981    2.233377 ]",3
"[-1.4249284e+02  1.4108708e+02 -9.8145866e+01  6.3132359e+01
 -2.4824558e+01  2.9901545e+01 -3.7723400e+01  1.7441486e+01
 -1.3277114e+01  1.6252468e+01 -1.4977929e+01 -1.4369687e+00
 -5.7658429e+00  8.4393620e-01 -2.6184051e+00 -9.6622047e+00
  8.4613144e-01 -9.7499228e+00  6.1903095e+00 -1.3774443e+01
  3.1210785e+00 -9.0436125e+00  4.2179995e+00 -3.8766036e+00
 -1.2545429e-01 -8.7603216e+00 -2.5752974e+00 -3.4265623e+00
 -6.3116293e+00 -5.2610862e-01 -3.1447918e+00  2.6810410e+00
 -3.9924147e+00  3.1352844e+00 -5.9718752e+00  2.0342600e+00
 -4.5158534e+00  2.3977175e+00 -2.6341864e-01  2.2804809e+00]",3
"[-60.462128    60.021538   -48.626804    39.402966   -26.628567
  12.795821   -22.5694      14.296855   -26.168415     9.833328
 -21.697313     6.173928   -14.703856     5.919487   -12.700579
   5.6165886  -12.569004     1.7937597  -12.757281     3.433802
 -11.619316     4.066544    -8.46165      4.7590203   -8.972248
   2.7150617   -9.143297     2.608829    -7.739901     2.807807
  -7.6230493    1.5848202   -6.841936     1.4880713   -7.696635
   1.2060949   -4.7674103    1.3393538   -5.388635     0.59357786]",3
"[ -67.2218      152.08987    -109.45321      67.45        -39.705273
   21.639677     -7.5868907     3.7569072     7.979179     -0.29957244
    6.909426      2.7638938     2.2338438     6.6888576    -0.19994009
    6.1554923    -1.0179768     3.9409266     3.057598      1.0823265
    4.0691633    -2.9772456     5.722168     -3.5985963     5.578135
   -4.281257      5.1456995    -2.2506778     2.4941611    -0.8465321
   -0.2546509     1.2842624    -2.5541766     2.6276836    -4.0153093
    4.9139957    -3.9453895     5.3571253    -3.3515408     4.355151  ]",3
"[-102.08099    135.30328    -93.9862      72.69464    -40.31047
   20.059502   -24.170013     7.9780006  -24.466906    11.200768
  -17.927273     3.5285282   -5.9579406   -2.2753625   -4.165565
   -5.596002     5.5507383  -11.705625     6.033355    -6.980971
    5.9580975   -6.029141     4.774429    -3.8184814    3.5005126
   -3.8284087    2.086583     1.1449646   -0.9792312    2.0026557
   -1.3306266    3.675055    -3.271147     3.1091878   -2.8312736
    2.6132812   -3.2392478    2.545041    -3.3832567    1.0247235]",3
"[-103.27525     115.70457     -37.902626     23.228306     -5.412553
   22.763885     -8.667965     15.009875     -6.661214     14.337987
  -10.744057     18.032146     -7.952292     17.638258    -11.582453
   12.312327     -6.887868      8.380739     -9.094438     11.318714
   -6.7315097     6.305502     -7.4598703     6.5709834    -4.2985077
    1.5302635    -4.5913444     2.162631     -0.88895106   -1.5349679
   -1.8330973    -0.9969267     0.93920404   -2.9611833    -0.3690609
   -2.1231701     2.1596375    -4.759642      2.0950074    -2.8201714 ]",3
"[-167.94705     86.627235   -64.406136    69.23345    -41.91341
   33.32222    -25.681078    20.238422   -11.066143    19.414122
   -8.343535    14.362212    -3.1067276    9.111386    -1.8100079
    4.958137    -2.5920713    2.7205915    0.3279807   -2.6434355
    5.830062    -4.5445147    7.385404    -4.6212835    5.820796
   -6.3709364    3.4248059   -4.1836324    5.3609743   -2.8720338
    1.3452096   -1.8408788    2.5852497    1.0128107   -2.0734258
    4.171682    -3.3110204    4.0875297   -2.0144289    4.361575 ]",3
"[-9.13982773e+01  1.23677605e+02 -8.12214508e+01  5.54095764e+01
 -4.03407326e+01  3.28709488e+01 -2.12934227e+01  2.50298042e+01
 -1.91221809e+01  1.96338959e+01 -9.27170658e+00  9.47928429e+00
 -1.69671810e+00  3.43467879e+00  4.05458927e+00 -5.26142538e-01
  8.00388813e+00 -5.73748827e+00  5.75928736e+00 -7.06974173e+00
  5.91752672e+00 -8.35055923e+00  7.64539719e+00 -3.78709579e+00
  6.84829950e+00 -4.28546619e+00  4.81957555e-01 -1.44922286e-01
 -7.94534326e-01  1.44833522e-02 -2.17411470e+00  2.93204284e+00
 -4.10560513e+00  3.26433468e+00 -4.27318001e+00  3.80930305e+00
 -3.92686772e+00  4.02185726e+00 -2.36239958e+00  3.54137635e+00]",3
"[-122.69385     104.54988     -75.636986     53.601917    -47.99247
   38.279922    -20.584047     26.972393    -21.532665     16.974945
  -12.696291     12.841054     -8.744209     10.2967005    -4.50654
    2.6532314    -3.087154     -1.7228754    -2.206843     -4.4063864
   -1.325325     -3.77547       0.9681931    -5.181668      4.2915792
   -5.0034485     1.5236161    -5.097008      2.4931476    -4.342445
    4.5079527    -3.6277132     3.7443783    -1.1798583     1.0124503
   -2.9163475    -0.67996705   -1.7410868    -0.91645616    0.8722458 ]",3
"[-8.2065239e+01  9.5657028e+01 -4.6159527e+01  4.9790516e+01
 -5.4074558e+01  4.4310398e+01 -4.5241688e+01  2.9045803e+01
 -2.9346310e+01  1.1970120e+01 -1.2573458e+01  6.2128568e+00
 -7.2713885e+00  7.3920865e+00 -5.5622048e+00  8.4249206e-02
  1.3366185e+00 -6.4011769e+00  7.5728230e+00 -6.7336059e+00
  8.3272991e+00 -8.2138977e+00  8.5478344e+00 -6.2010598e+00
  7.4999423e+00 -5.9388981e+00  5.8949966e+00 -3.6895266e+00
  3.9097090e+00 -1.9502640e-02  1.4733244e+00  3.0409567e+00
 -2.5018234e+00  4.3187957e+00 -3.7876704e+00  5.2948303e+00
 -3.1969247e+00  5.0259118e+00 -3.1926181e+00  4.2301393e+00]",3
"[-2.3542677e+02  1.2180233e+02  5.3465161e+00  2.5287304e+01
 -1.5291235e+01  3.1905685e+01 -1.3627263e+01  1.7427603e+01
 -9.5802517e+00  1.4942930e+01 -1.1765058e+01  1.3963299e+01
 -9.5916348e+00  1.0400982e+01 -6.9871635e+00  4.7487679e+00
 -1.4803805e+00 -9.5000833e-02  2.7001097e+00 -2.8034599e+00
  4.7405100e+00 -4.3415122e+00  3.9900837e+00 -2.2067564e+00
  2.4018643e+00  7.2770363e-01  1.3966101e+00  3.3034883e+00
  4.3343475e-01  4.0937166e+00 -8.6094183e-01  4.3823481e+00
 -1.0521452e+00  4.9776230e+00 -6.7847586e-01  4.0596628e+00
 -6.0051143e-01  3.6474304e+00 -1.6903961e-01  1.8896241e+00]",3
"[-2.6397610e+02  4.9897278e+01 -5.0658184e+01  3.0973522e+01
 -4.5026455e+01  1.4826893e+01 -3.0106384e+01  1.5204959e+01
 -2.6232721e+01  3.6990631e+00 -1.8552820e+01  1.3217444e+00
 -1.3655965e+01 -1.3204654e+00 -9.6278591e+00 -4.9134364e+00
 -7.9526548e+00 -6.0741215e+00 -3.6394196e+00 -7.0479975e+00
 -1.3804130e-01 -4.9890823e+00 -6.3780463e-01 -5.7185221e+00
 -3.8396484e-01 -3.0525434e+00 -1.3018422e+00 -2.4128723e+00
 -1.7314249e+00 -3.6142960e-01 -2.2695580e+00  1.2446320e+00
 -3.5547323e+00 -3.7488040e-01 -4.2448611e+00  1.2343637e+00
 -2.4886577e+00  1.5450513e+00 -2.4730098e+00 -3.3680883e-01]",3
"[-191.00632      97.18846     -25.758356     54.129208    -41.85051
   40.054596    -29.148155     23.228657    -15.749349     12.605998
  -13.289957      8.6819105    -6.1345897     1.0786188    -0.9977954
   -2.0808215     3.8988495    -5.083421      2.8748643    -6.8724804
    4.331967     -5.422358      3.7077744    -5.7891006     2.1906257
   -4.004167      1.2598743    -3.0315268    -0.8617266     0.53533995
   -1.9453604     0.8855974    -5.1778874     1.2418171    -4.4695215
    2.614572     -4.1344576     2.0046241    -3.3725204     1.8140738 ]",3
"[-172.39575     130.09706     -48.91809      45.85714     -14.777095
   40.38747      -7.1083946    21.949017      7.6186376     4.564731
   12.940313     -1.3582953    15.039084     -2.1466231    11.451958
   -2.4041617     4.9241295     2.8548694    -0.30939618    6.541364
   -1.4757044     3.852294     -2.1880453     4.426106     -1.2640787
    0.8289901     2.151609     -2.0503793     2.8273573    -2.1802404
    3.4194171    -1.414137      1.5419987     1.1413181     0.22570714
    2.584228     -1.264384      3.907719     -0.9953957     3.543829  ]",3
"[-210.4193      180.96037     -31.453972     17.231459     12.358059
   16.365725     -1.4545649     8.746408      4.7116027     5.9022117
    8.760134      8.211775      7.626282      2.2830408     5.3465466
    4.658508      6.476252      2.188016      5.80381       6.8037415
    3.885553      0.62405956    0.43770546    2.3029609     2.5352004
    2.3740237     2.9048836     3.4953685     3.5684981     4.3343925
    5.0330696     6.518181      5.634054      4.817804      2.4969547
    2.7084491     2.290595      2.5687242     2.8610272     3.2087944 ]",3
"[-2.07898666e+02  2.22571991e+02 -3.80881653e+01  3.29852104e+01
 -4.64747190e+00  8.63152027e+00  7.17321634e-01  8.16063285e-01
 -1.04798975e+01 -3.00863552e+00 -7.26144361e+00  3.13744217e-01
 -1.28148496e+00  1.15395856e+00  7.39794299e-02 -1.23814249e+00
  4.70436907e+00 -3.36031294e+00  9.07823861e-01 -2.37685490e+00
 -3.08597493e+00 -2.09568724e-01  3.73919874e-01  5.76975822e-01
  4.69735432e+00 -3.09689212e+00  3.54332495e+00  3.14008498e+00
 -1.42317176e+00  1.38698351e+00 -1.08351135e+00 -2.13344550e+00
  1.60046959e+00  1.11274564e+00 -5.81681013e-01  1.49745214e+00
 -9.76601303e-01  3.83342838e+00 -1.75953299e-01  1.03369880e+00]",3
"[-101.290695    117.576256    -29.833359     44.74452     -47.146683
   24.814491    -21.163963     22.386549    -19.04228      15.910443
  -14.574248      5.6478386    -4.646371     -0.84338105    2.629409
   -4.5384407     2.941907     -3.2919652     5.509663     -5.8712897
    5.9867496    -6.1143327     7.515547     -4.9633055     4.391536
   -4.035465      2.0510435    -0.9287728     0.97130936    0.5615695
   -2.09324       2.421527     -3.542655      3.393639     -3.6852589
    4.2576027    -3.173447      3.7406864    -2.671751      2.616033  ]",3
"[-100.43474     134.15549     -45.15899      48.51298     -64.761536
   32.812504    -32.8656       29.355038    -29.28083      22.63927
  -21.950233     10.228161     -8.184805      0.9988211     2.1005583
   -2.9386618     4.0393705    -4.906889      5.867922     -9.296531
    8.217248     -9.725588      8.3561735    -9.108973      6.201667
   -6.010894      3.7771263    -2.9831557     0.7437285    -0.70826185
   -2.135026      1.9807296    -4.6658745     3.6477187    -5.4131436
    4.6660967    -4.3027945     5.305646     -3.8861802     3.7049966 ]",3
"[-1.8793640e+02  1.4695343e+02 -7.3444400e+00  7.0745522e+01
  7.9975219e+00  2.8974228e+01  1.8878101e+00  2.3050514e+01
  3.0416589e+00  1.2083209e+01 -4.7809765e-01  3.2594297e+00
  3.5059059e+00  3.6258435e+00  4.4036660e+00  8.9300804e-02
  5.2078772e+00 -1.7407136e+00  4.6677670e+00 -3.7104574e-01
  1.3582772e+00 -3.6915295e+00  1.7417140e+00 -1.7874980e+00
  2.3694079e+00 -1.3155042e+00 -1.0990821e-01  2.9182479e-01
 -2.1469932e+00  6.4718658e-01 -3.1336999e-01  1.7577024e+00
 -1.1939744e+00  2.0005412e+00  6.5131700e-01  3.1948180e+00
  5.9127631e-03  1.5291411e+00 -5.1130426e-01  4.9691740e-01]",3
"[-121.318855    71.652916   -94.62308     53.056564   -78.58441
   30.684694   -69.94231     15.2653055  -49.190826     7.8809085
  -33.27899     -3.3014343  -20.775776    -7.1119967   -5.524191
   -9.089846     2.0043466  -11.541605     8.859257    -7.740315
   14.053255    -6.2897396   13.448741    -3.3010008   13.278387
    0.8895489   10.472223     2.8998938    6.059452     4.850323
    2.0865762    5.8041487   -2.6689372    5.720636    -4.6749725
    5.9631977   -6.177411     4.504958    -6.4973693    2.1439035]",3
"[-1.7191702e+02  1.3781638e+02 -2.4659924e+01  3.0872952e+01
 -1.2984411e+01  4.2829758e+01 -1.4638785e+01  2.4530769e+01
 -3.0674531e+00  1.2260846e+01 -2.8801582e+00  9.6187954e+00
 -2.5032506e+00  6.0177526e+00  1.2680930e+00  5.8701167e+00
  4.0276127e+00  1.6334032e+00  1.8387086e+00 -1.6015637e+00
  9.1157603e-01 -1.8929745e+00  1.5914613e+00 -6.8071455e-02
  2.2634957e+00 -2.6668328e-01  1.8090736e+00 -3.4900707e-01
 -7.3884606e-01 -1.8059833e+00 -2.5309095e+00 -1.6119936e+00
 -3.0039334e+00  1.3738157e-01 -9.4117600e-01  2.1105738e+00
 -1.1237046e+00 -8.8762593e-01 -2.6007564e+00 -4.2462572e-01]",3
"[-114.490364     48.101486    -65.50739      42.31493     -53.369083
   27.959778    -39.045002     19.552345    -33.748924     13.089674
  -26.16159      13.916819    -24.02045      11.907052    -20.21378
   11.52497     -16.476906      9.23805     -15.334519      7.648286
  -12.983864      5.3240533   -11.709324      2.184156     -8.230033
    2.4964166    -6.479743      0.27826002   -3.644461     -0.99905133
   -2.9672399    -1.4582647    -1.5162002    -2.7702699    -0.9871093
   -3.0683334     0.28823417   -2.811603      2.4583535    -2.4398813 ]",3
"[-8.9296249e+01  1.2360015e+02 -8.2024239e+01  4.2808044e+01
 -6.1370464e+01  3.4687027e+01 -4.2338791e+01  2.3080994e+01
 -2.5635473e+01  8.8801470e+00 -1.7492455e+01  1.2172853e+00
 -9.3573751e+00 -2.8511441e+00  1.2129058e+00 -5.6417613e+00
  5.7541137e+00 -8.7573729e+00  7.4101934e+00 -8.4649935e+00
  5.3021827e+00 -1.0536462e+01  5.8413758e+00 -7.1905751e+00
  4.3854871e+00 -5.3791318e+00  8.4834443e-03 -1.9091774e+00
 -2.0136900e+00  1.5288230e+00 -5.0623183e+00  1.3462338e+00
 -5.0746479e+00  3.7209160e+00 -6.7678838e+00  2.4262764e+00
 -6.5055275e+00  2.7351713e+00 -2.8475554e+00  2.5321944e+00]",3
